id,revenue
3001,8778533.64
3002,3016531.22
3003,20836604.954
3004,51105101.096
3005,3246063.508
3006,29133559.864
3007,17447389.598
3008,87005420.214
3009,27476078.55
3010,292718852.21
3011,1564121.724
3012,12025397.676
3013,75859049.516
3014,2284263.484
3015,63996640.856
3016,1313573.18
3017,113969566.618
3018,119704033.69
3019,11096118.586
3020,774075406.226
3021,73528677.122
3022,62681795.27
3023,2233397.58
3024,55563417.514
3025,8828498.9
3026,157121310.638
3027,3280719.344
3028,148739968.586
3029,2048748.188
3030,53158099.404
3031,15394244.052
3032,6995620.97
3033,2470595.724
3034,741452.276
3035,7723470.21
3036,24441557.462
3037,121270212.208
3038,39883405.01
3039,67563649.156
3040,14491236.886
3041,27476532.202
3042,3756309.46
3043,20679127.118
3044,10927594.702
3045,449489335.172
3046,11247011.624
3047,29843310.794
3048,36970216.368
3049,38865318.86
3050,67236593.72
3051,2404838.624
3052,27369118.616
3053,330608.132
3054,8688006.448
3055,77024497.24
3056,2015492.978
3057,80049993.546
3058,297289541.764
3059,864403.918
3060,133466969.532
3061,60195702.23
3062,71420384.018
3063,42108333.59
3064,201071916.486
3065,73796352.534
3066,139210211.484
3067,10159691.296
3068,36401574.134
3069,203462403.578
3070,5902255.366
3071,6865781.068
3072,687644289.578
3073,4155973.61
3074,941802.152
3075,70296265.9
3076,130320647.272
3077,23891330.146
3078,159425481.282
3079,79899816.832
3080,219942470.012
3081,16540724.32
3082,8807374.662
3083,12806924.978
3084,1265375.62
3085,34997550.642
3086,109507017.6
3087,2171289.948
3088,2886206.534
3089,1483492.242
3090,43030270.104
3091,54414241.73
3092,21774619.526
3093,218734532.56
3094,151073050.53
3095,64146388.68
3096,5153142.786
3097,874870499.692
3098,18061157.674
3099,66292370.758
3100,8195717.802
3101,6694248.912
3102,7525048.162
3103,2179087.476
3104,1320970.632
3105,115553933.042
3106,100330394.494
3107,45708292.046
3108,30902455.238
3109,20079711.85
3110,609297665.868
3111,24493030.268
3112,6612199.17
3113,16929374.372
3114,77893960.18
3115,39202705.214
3116,12287428.75
3117,2177702.506
3118,11890384.832
3119,306750528.714
3120,175716484.08
3121,7575910.744
3122,23395237.29
3123,34707210.472
3124,14887886.798
3125,333252.756
3126,67603137.778
3127,2906737.604
3128,85488346.684
3129,370552638.258
3130,11151661.642
3131,5513033.564
3132,10905357.27
3133,7676626.956
3134,13879413.236
3135,20851092.636
3136,8621395.358
3137,210077975.806
3138,1796912.664
3139,31686958.47
3140,135156098.604
3141,9969496.02
3142,1385511.718
3143,199749623.996
3144,24699336.098
3145,12230144.252
3146,7405616.504
3147,22683053.14
3148,6437193.88
3149,102860950.238
3150,98112119.54
3151,12894216.204
3152,73108915.564
3153,9805312.31
3154,22304775.532
3155,79514459.446
3156,44551397.356
3157,21729769.966
3158,254396108.046
3159,4773914.876
3160,11877964.204
3161,2905123.26
3162,18610263.13
3163,57437265.712
3164,4103021.636
3165,1418029.182
3166,2808889.024
3167,107700375.032
3168,1836824.3
3169,29427062.574
3170,16271590.912
3171,8438017.65
3172,54949191.698
3173,1431722.738
3174,9503065.33
3175,50326186.598
3176,28601115.85
3177,131529094.902
3178,9869195.598
3179,6896826.674
3180,6220026.5
3181,4315750.822
3182,212075582.098
3183,55155495.508
3184,59363967.708
3185,75870383.082
3186,71690964.56
3187,21544987.198
3188,47554108.738
3189,94869557.494
3190,60429883.5
3191,24566187.158
3192,19462698.718
3193,414629087.502
3194,108176551.422
3195,331406.456
3196,9846508.134
3197,37699383.89
3198,94505836.234
3199,277135019.386
3200,22262985.466
3201,56880697.698
3202,20147551.898
3203,1644866.794
3204,3250592.68
3205,4807937.354
3206,24644894.028
3207,52211285.33
3208,29572448.064
3209,7516584.692
3210,475766456.344
3211,2596945.422
3212,54873215.582
3213,149287635.216
3214,15282806.44
3215,8384606.452
3216,19056668.43
3217,374639382.224
3218,20497588.578
3219,10544940.916
3220,153920372.308
3221,9190634.73
3222,7788544.736
3223,39504181.348
3224,2327899.48
3225,7133628.066
3226,26524536.33
3227,63647890.782
3228,124212713.172
3229,153820604.658
3230,75537637.18
3231,82022862.896
3232,54233906.924
3233,20984796.378
3234,5781299.164
3235,24354159.912
3236,2898472.028
3237,24341676.744
3238,9815211.706
3239,1354411.728
3240,412304192.634
3241,2696110.88
3242,6512263.404
3243,11578973.038
3244,6547550.906
3245,19829073.09
3246,63268673.126
3247,22942791.948
3248,71120381.404
3249,72977535.32
3250,434423522.132
3251,5659469.702
3252,25722641.386
3253,95707144.978
3254,2863101.264
3255,876642.128
3256,46616901.032
3257,19497798.138
3258,71787687.382
3259,54477085.472
3260,7282612.112
3261,585582836.948
3262,81653347.488
3263,2463383.292
3264,2391367.814
3265,460408.57
3266,1117434.724
3267,33325063.13
3268,129467.826
3269,101846610.018
3270,81008291.26
3271,7615584.332
3272,25020518.38
3273,42801761.838
3274,544792158.566
3275,81699493.124
3276,1931938.574
3277,21311310.116
3278,75642304.358
3279,30767602.796
3280,292797786.09
3281,1032719.572
3282,5817453.624
3283,461918308.714
3284,59997114.404
3285,84083540.716
3286,7156843.158
3287,19411667.238
3288,36390817.868
3289,90607848.492
3290,148512142.89
3291,31622613.33
3292,281462125.426
3293,137289877.754
3294,13504039.15
3295,9595636.084
3296,4389393.144
3297,8872564.686
3298,78374790.66
3299,9681409.63
3300,39117224.432
3301,922982.08
3302,17177479.168
3303,12106359.282
3304,12384992.502
3305,72968415.714
3306,2332994.31
3307,71098832.928
3308,15427489.072
3309,8866538.182
3310,8831834.786
3311,13815377.776
3312,82358761.592
3313,96856345.938
3314,12186265.034
3315,144953987.112
3316,35923357.896
3317,7791395.662
3318,4294212.592
3319,3071653.13
3320,35589319.184
3321,8148619.474
3322,16309214.146
3323,140839627.526
3324,12265997.942
3325,125585281.874
3326,210286828.358
3327,94517168.808
3328,48020233.938
3329,14679826.848
3330,119414826.084
3331,19062669.25
3332,58476483.674
3333,342457202.912
3334,21707308.41
3335,54450496.742
3336,34673679.026
3337,210936.914
3338,18760334.464
3339,4463858.92
3340,105011703.616
3341,19986325.814
3342,117957149.792
3343,94724906.156
3344,6453111.852
3345,9187478.126
3346,42633160.194
3347,1536767.15
3348,23644108.72
3349,125477111.41
3350,260416872.036
3351,84298441.676
3352,10325044.722
3353,80417433.544
3354,18781307.648
3355,763850.804
3356,39427531.448
3357,7378718.44
3358,10411401.522
3359,48173607.274
3360,15583137.644
3361,209723316.284
3362,12675504.408
3363,28531001.476
3364,24680652.674
3365,4493422.62
3366,112604925.632
3367,104478504.92
3368,383405.046
3369,38545659.31
3370,112119621.054
3371,78193959.83
3372,46207309.466
3373,71499179.618
3374,31598538.856
3375,108223636.596
3376,31849460.522
3377,39073750.688
3378,15725955.438
3379,193845619.826
3380,85417069.81
3381,15794278.44
3382,4127419.93
3383,6757597.32
3384,120799543.2
3385,130601510.62
3386,8094225.016
3387,14643114.06
3388,173287506.306
3389,723235831.576
3390,12107335.032
3391,10193907.054
3392,11279276.412
3393,17772017.15
3394,190677284.254
3395,137351020.712
3396,6992346.832
3397,1230108.31
3398,415955331.39
3399,120223956.994
3400,12505666.684
3401,14592493.978
3402,1109656.646
3403,106777598.624
3404,13133258.706
3405,65102801.082
3406,304396108.172
3407,252306573.166
3408,122929062.432
3409,13304580.424
3410,41875898.77
3411,59750918.436
3412,31789650.864
3413,39543584.856
3414,2547406.962
3415,17597114.754
3416,127767186.494
3417,106785890.422
3418,32995949.682
3419,341998073.532
3420,8789710.996
3421,31141620.244
3422,6785675.884
3423,590940964.272
3424,14874032.424
3425,5554605.524
3426,7707576.792
3427,52188927.27
3428,5087672.224
3429,28590040.896
3430,673413991.676
3431,4849861.698
3432,22901622.856
3433,17217205.06
3434,8380308.764
3435,410039566.408
3436,197521632.888
3437,9591987.738
3438,22358527.744
3439,117281828.106
3440,89598473.46
3441,92739181.1
3442,4058499.782
3443,8363496.604
3444,1363992.086
3445,97176589.394
3446,2475530.124
3447,4702703.84
3448,71361812.804
3449,14647878.33
3450,108636315.22
3451,80602060.81
3452,45043364.572
3453,45666979.322
3454,30931383.574
3455,14245342.776
3456,139536360.61
3457,19074889.47
3458,27251051.864
3459,808772854.91
3460,49561536.628
3461,23068467.74
3462,34487123.914
3463,99516524.908
3464,480340.09
3465,43268105.956
3466,72928712.038
3467,14578889.284
3468,90177667.908
3469,5648431.08
3470,2314130.208
3471,37654972.98
3472,7442487.142
3473,90044757.822
3474,68576181.346
3475,278783211.578
3476,3023396.374
3477,89493747.964
3478,5697184.392
3479,204782233.696
3480,21477925.53
3481,3420512.284
3482,3306629.416
3483,1423724.454
3484,4763126.624
3485,100377180.53
3486,138501889.984
3487,163350952.092
3488,81439880.024
3489,9450538.048
3490,89792273.278
3491,22577724.53
3492,5814044.49
3493,41211019.208
3494,29489212.044
3495,87538898.844
3496,5400309.246
3497,102524281.684
3498,51742897.924
3499,33985236.254
3500,1297090.608
3501,116610854.184
3502,122629725.7
3503,52677699.796
3504,102674819.782
3505,16639755.992
3506,60256741.28
3507,343934560.538
3508,9115281.654
3509,39798443.926
3510,35167015.6
3511,24527231.026
3512,159751115.178
3513,25292701.716
3514,39524022.866
3515,6394862.152
3516,33177859.356
3517,589045985.048
3518,74632670.384
3519,21611593.94
3520,1080279.634
3521,4024442.632
3522,11766828.318
3523,24357839.496
3524,53053814.0
3525,176639541.224
3526,75416263.338
3527,32811131.134
3528,25654300.08
3529,594801312.932
3530,24621606.624
3531,93058702.372
3532,83754382.34
3533,88454605.114
3534,15833153.924
3535,186549037.364
3536,24455493.66
3537,78600860.674
3538,34995276.414
3539,109491581.082
3540,59455483.712
3541,41672778.572
3542,20645194.23
3543,1074539.43
3544,67047222.714
3545,5243051.774
3546,18813741.994
3547,202024141.672
3548,360225576.216
3549,9739980.532
3550,355152534.364
3551,186980062.996
3552,64721799.516
3553,65283461.434
3554,142010959.994
3555,212493299.094
3556,106352487.28
3557,28291136.142
3558,246736833.382
3559,71183846.764
3560,24700951.182
3561,116193996.098
3562,22858059.422
3563,24603640.902
3564,3619098.998
3565,7238839.27
3566,88215732.994
3567,15619909.394
3568,15537041.888
3569,108593933.178
3570,4586939.048
3571,87987203.66
3572,152788726.008
3573,14409585.302
3574,56688289.112
3575,20518901.364
3576,26319509.352
3577,12567037.758
3578,81217134.348
3579,76407032.008
3580,12128644.368
3581,27177118.322
3582,122990943.758
3583,1606076.0
3584,23706661.85
3585,77620214.804
3586,25551659.096
3587,12464681.62
3588,6907661.49
3589,32020643.676
3590,34033057.356
3591,387024888.47
3592,1868303.188
3593,5996960.796
3594,9702108.604
3595,22786354.246
3596,47703583.154
3597,16781450.522
3598,106353485.636
3599,23446993.566
3600,9716078.424
3601,731185.294
3602,3958427.792
3603,19341599.864
3604,7121539.52
3605,44288446.284
3606,43672527.046
3607,16270970.404
3608,266191160.13
3609,5571892.62
3610,44529304.922
3611,575410.148
3612,35318955.058
3613,14520453.988
3614,144835822.5
3615,26558527.126
3616,48262946.934
3617,21387465.018
3618,101239824.888
3619,930347.164
3620,185872680.62
3621,351031599.356
3622,353965569.418
3623,120365211.18
3624,3224594.194
3625,1580082.856
3626,58605084.638
3627,25881960.328
3628,497108827.438
3629,9687762.176
3630,1112442.292
3631,160077363.656
3632,22285571.084
3633,92056097.17
3634,1866309.676
3635,13180019.382
3636,67352842.028
3637,3723722.018
3638,39591071.252
3639,108695163.202
3640,380706480.904
3641,17288995.662
3642,12364879.31
3643,12271029.492
3644,19255224.152
3645,41484432.974
3646,27302075.958
3647,37103973.822
3648,8123730.676
3649,25529952.714
3650,21151668.438
3651,433348379.824
3652,29550053.27
3653,203937720.546
3654,17465073.758
3655,37698482.31
3656,7180197.818
3657,2030183.23
3658,5894070.818
3659,126483539.404
3660,420466374.21
3661,36822201.648
3662,73555094.316
3663,447882078.816
3664,178353.328
3665,4024030.996
3666,10679017.688
3667,110268997.2
3668,50453865.516
3669,4948565.088
3670,95870497.596
3671,39797843.108
3672,28403500.846
3673,137932307.062
3674,14575936.122
3675,337611479.146
3676,105086965.506
3677,29315910.69
3678,57011859.828
3679,17255193.138
3680,16871842.712
3681,15476066.512
3682,205875036.826
3683,5918989.028
3684,107135650.628
3685,137512812.424
3686,5440470.994
3687,131047982.546
3688,5027179.108
3689,1643338.618
3690,76944222.594
3691,11393455.398
3692,3718227.828
3693,152168139.436
3694,184502622.968
3695,62845405.698
3696,21958347.02
3697,59702518.932
3698,54107651.144
3699,33646857.718
3700,14388058.574
3701,32282342.194
3702,1356379.932
3703,110923356.63
3704,56391749.008
3705,17136498.42
3706,75951989.002
3707,4710676.968
3708,31894148.196
3709,306592886.27
3710,65110815.84
3711,1841360.224
3712,33937209.308
3713,31884484.48
3714,7455924.904
3715,20077833.764
3716,7196093.464
3717,4695681.592
3718,6454842.126
3719,25399558.388
3720,5923773.836
3721,974958.604
3722,54506924.016
3723,15037075.942
3724,34396414.39
3725,56217784.118
3726,5418857.832
3727,85436766.086
3728,108749000.424
3729,11672506.52
3730,117527750.316
3731,184273029.506
3732,2416440.616
3733,171177524.332
3734,310312965.124
3735,56731463.024
3736,27809679.018
3737,6895346.392
3738,1838518.184
3739,14982787.142
3740,15396506.816
3741,19727914.498
3742,72670220.796
3743,23985675.356
3744,109195048.684
3745,61011565.488
3746,194216934.99
3747,3934164.854
3748,12607874.36
3749,7803583.33
3750,1977177.034
3751,24367353.306
3752,4205847.44
3753,29408092.674
3754,81224479.836
3755,31187313.552
3756,50875240.866
3757,326077846.366
3758,141853402.836
3759,4411905.624
3760,194150348.718
3761,53583488.898
3762,348747412.884
3763,22127506.84
3764,58962990.174
3765,7373891.628
3766,16080162.246
3767,14412279.702
3768,33789292.558
3769,1495823.664
3770,19277162.916
3771,30865018.656
3772,12795662.248
3773,51672410.766
3774,8788384.954
3775,161415159.392
3776,132419691.224
3777,8309716.474
3778,1792909.54
3779,20245457.596
3780,17991234.432
3781,58684896.06
3782,9688477.5
3783,26812078.874
3784,14039266.136
3785,409975711.89
3786,15465471.254
3787,253068356.282
3788,687618510.562
3789,7706228.59
3790,6983596.058
3791,13980362.462
3792,521373.13
3793,2596312.014
3794,7538134.506
3795,537498403.48
3796,51757549.264
3797,30543171.024
3798,71235447.442
3799,6581449.228
3800,4788142.924
3801,129068323.426
3802,4263187.184
3803,9625589.734
3804,1143417.234
3805,3729101.138
3806,93555471.286
3807,5472703.97
3808,3842216.93
3809,32547119.374
3810,10835246.424
3811,27092012.016
3812,11540493.238
3813,1388667.798
3814,10718049.818
3815,139497552.894
3816,161808963.606
3817,164918503.112
3818,129482245.322
3819,70241735.384
3820,114771488.62
3821,80225724.238
3822,14811168.626
3823,14707439.114
3824,13499578.152
3825,7959135.728
3826,106366189.656
3827,77102169.45
3828,24625808.154
3829,253220.568
3830,59050855.738
3831,242845.956
3832,157491369.438
3833,38046165.144
3834,20252894.384
3835,3663232.174
3836,5168756.378
3837,64422812.764
3838,50713997.316
3839,15760646.094
3840,28236835.912
3841,14734092.718
3842,16556262.522
3843,120817007.848
3844,5305783.604
3845,640560.65
3846,5848314.41
3847,11415173.626
3848,27002542.386
3849,129892412.228
3850,27745891.738
3851,79271900.534
3852,19036546.682
3853,118493264.718
3854,2176062.94
3855,1718353.894
3856,29443984.302
3857,791003186.706
3858,802214.706
3859,13976547.88
3860,48699874.92
3861,59294145.7
3862,19073138.15
3863,105913945.186
3864,109102588.582
3865,87730309.892
3866,10032560.748
3867,80984340.8
3868,17828286.192
3869,63700349.988
3870,125296349.698
3871,722047432.236
3872,57878042.976
3873,31734925.074
3874,8046868.634
3875,85278899.506
3876,580556.186
3877,69840864.694
3878,254946137.366
3879,453155249.028
3880,21921830.912
3881,92146.584
3882,9247396.498
3883,9440756.854
3884,522839090.834
3885,8100313.392
3886,63001476.68
3887,17003629.832
3888,8274181.584
3889,126813408.178
3890,154618893.446
3891,6043042.964
3892,17750105.234
3893,447056156.418
3894,123338894.066
3895,44992390.316
3896,102662619.424
3897,19647893.492
3898,32699010.65
3899,634701409.826
3900,49204554.464
3901,3819648.114
3902,933221.362
3903,27905825.718
3904,13100689.478
3905,28645151.566
3906,89772516.412
3907,10877005.604
3908,23027634.754
3909,2939227.056
3910,28426010.348
3911,1115166.95
3912,11330204.498
3913,80537439.634
3914,44929439.86
3915,388920310.422
3916,2276047.582
3917,9508434.5
3918,9523152.84
3919,87705711.126
3920,40813169.14
3921,6615736.972
3922,27370144.02
3923,34931701.472
3924,42234591.024
3925,297803168.61
3926,9335672.686
3927,89146950.196
3928,94751191.266
3929,51266163.028
3930,17984938.954
3931,34722079.382
3932,10437446.666
3933,31805611.512
3934,99228833.192
3935,230150.36
3936,20887732.566
3937,143180040.948
3938,21814098.296
3939,58107172.694
3940,15821848.704
3941,46045892.104
3942,364246763.546
3943,781147940.596
3944,12609207.722
3945,68033407.026
3946,3312815.112
3947,119592068.892
3948,15123757.576
3949,14628450.042
3950,5964780.978
3951,11756926.324
3952,81649292.292
3953,68785218.692
3954,452385732.99
3955,56357827.964
3956,108816233.976
3957,33689721.272
3958,8259611.922
3959,6503816.468
3960,3059161.028
3961,88419495.458
3962,12856193.904
3963,22709505.216
3964,696573111.394
3965,124467566.464
3966,46266440.296
3967,451709456.65
3968,66425548.65
3969,12219874.526
3970,40285206.328
3971,17830394.296
3972,34034297.858
3973,65127264.28
3974,6271846.426
3975,136365410.474
3976,100775302.426
3977,105349115.626
3978,158002586.286
3979,1257202.542
3980,4989074.488
3981,4362103.73
3982,6176015.5
3983,34800893.084
3984,190631941.97
3985,8699947.202
3986,807984785.762
3987,28578418.824
3988,8632780.728
3989,37460521.778
3990,87345596.52
3991,4665571.542
3992,2203664.59
3993,10173943.194
3994,66133158.568
3995,55612217.262
3996,57609548.508
3997,22662397.812
3998,152459897.344
3999,42683831.582
4000,55765173.52
4001,10591139.132
4002,318085479.816
4003,1106544.87
4004,64327821.732
4005,866981.596
4006,35141986.552
4007,667961.538
4008,9935395.894
4009,42092056.412
4010,12202098.17
4011,33759394.826
4012,170030088.292
4013,103123288.374
4014,4620944.99
4015,75463758.35
4016,73643313.866
4017,17763811.588
4018,136135916.582
4019,285181662.75
4020,17212252.792
4021,137861181.592
4022,18407255.676
4023,127685776.154
4024,54555564.13
4025,1419992.052
4026,125219225.004
4027,132830101.082
4028,5274957.008
4029,346046.86
4030,28987871.026
4031,132187959.26
4032,1732427.94
4033,7688371.054
4034,5837093.952
4035,113236351.694
4036,3455565.15
4037,35833355.952
4038,6429719.924
4039,21165703.074
4040,11643458.824
4041,5529994.058
4042,79124902.474
4043,7940343.95
4044,95493135.806
4045,122430314.46
4046,15854435.34
4047,631805560.776
4048,17292195.708
4049,465182.198
4050,6910541.952
4051,457436699.864
4052,68279360.146
4053,6269252.664
4054,2408737.668
4055,18627938.004
4056,27930939.936
4057,220701.11
4058,46153335.82
4059,7015815.348
4060,140376969.058
4061,238228677.996
4062,45813387.354
4063,21489357.038
4064,256130676.95
4065,118564054.766
4066,3323568.456
4067,30419806.578
4068,14990621.384
4069,34012870.736
4070,49354933.712
4071,44616910.406
4072,10068270.406
4073,233521319.59
4074,1501631.14
4075,31301774.242
4076,59655268.052
4077,292092029.754
4078,12557112.118
4079,105126823.372
4080,2719522.924
4081,10588306.042
4082,199232028.716
4083,140165471.212
4084,1927812.524
4085,45590938.258
4086,118256669.574
4087,13538355.63
4088,94777540.826
4089,32931077.302
4090,9115672.762
4091,100648225.718
4092,30637826.088
4093,81632874.418
4094,32230219.962
4095,169070614.734
4096,9543493.976
4097,94514112.118
4098,16167233.62
4099,6575526.668
4100,66459928.938
4101,34389018.264
4102,9570878.048
4103,54623564.818
4104,10558847.692
4105,326185.012
4106,6148407.646
4107,2005948.006
4108,23885237.976
4109,3171379.522
4110,20049958.368
4111,2410924.948
4112,35661204.388
4113,13481990.48
4114,378773422.48
4115,11720729.494
4116,43352034.604
4117,11278372.15
4118,65747449.974
4119,46492599.866
4120,8635361.132
4121,6594662.404
4122,157758421.722
4123,14961721.99
4124,55880425.892
4125,38801009.012
4126,9228594.184
4127,6321463.466
4128,15443505.756
4129,12979382.41
4130,13214767.37
4131,115614310.14
4132,114185239.234
4133,65207774.862
4134,17448897.28
4135,16951249.676
4136,612819639.918
4137,7885572.362
4138,82637872.664
4139,14415698.21
4140,10366298.45
4141,40011523.306
4142,78849857.328
4143,84223383.774
4144,2528017.134
4145,39166193.01
4146,16028842.558
4147,1791380.902
4148,33440557.564
4149,8850071.2
4150,2861551.816
4151,10786093.95
4152,41068275.118
4153,24474366.318
4154,5932198.288
4155,26001156.878
4156,13946503.264
4157,11914937.99
4158,29245644.84
4159,98564098.524
4160,425345435.558
4161,40241668.644
4162,25782177.57
4163,144320236.364
4164,28862696.65
4165,6568488.23
4166,7722633.532
4167,263467323.578
4168,12508919.682
4169,12168495.848
4170,31977425.234
4171,146646759.862
4172,90422927.806
4173,20918773.218
4174,6863386.946
4175,10045010.064
4176,16832896.226
4177,362809.648
4178,556951976.184
4179,6436247.752
4180,125106984.548
4181,55428090.512
4182,14024821.788
4183,116714701.654
4184,39317515.668
4185,7435377.944
4186,40349874.59
4187,22309534.068
4188,26909499.586
4189,3021805.436
4190,2450133.018
4191,11740947.014
4192,180823.354
4193,237451219.062
4194,113600645.298
4195,24042423.358
4196,23027036.208
4197,30912398.246
4198,1803340.484
4199,12750425.168
4200,93211676.674
4201,80484152.06
4202,54003498.052
4203,25652905.16
4204,77904726.184
4205,5781529.212
4206,38924509.234
4207,479691825.246
4208,761061438.578
4209,51039980.824
4210,118645500.292
4211,42538356.628
4212,424683496.904
4213,5159792.21
4214,23902802.02
4215,11838554.172
4216,2655911.966
4217,10932014.49
4218,41874305.764
4219,14562861.402
4220,59852239.318
4221,483780.48
4222,27434686.162
4223,108232584.406
4224,12332648.874
4225,64189921.668
4226,37030783.324
4227,61988356.474
4228,431700.602
4229,82073196.858
4230,52711103.988
4231,25279347.486
4232,12364815.688
4233,128666374.284
4234,73812037.282
4235,10654399.736
4236,15488277.15
4237,18075093.132
4238,82634317.356
4239,245722759.436
4240,400607802.59
4241,135530028.888
4242,25431180.05
4243,2486565.51
4244,58979569.788
4245,10772412.49
4246,7754800.022
4247,73979856.638
4248,15624710.616
4249,27389971.596
4250,37604669.302
4251,8980086.574
4252,105909682.79
4253,133897202.246
4254,37273293.632
4255,58101777.634
4256,469869977.344
4257,139452054.824
4258,63681963.71
4259,1645596.564
4260,178247040.576
4261,14746168.49
4262,1825579.088
4263,5588343.908
4264,465081406.824
4265,27028363.118
4266,10959954.348
4267,17519312.58
4268,36561881.718
4269,21191452.402
4270,630721452.392
4271,30133389.336
4272,819890.228
4273,32034166.51
4274,80496908.666
4275,30733692.854
4276,17735219.33
4277,34915930.232
4278,26277806.252
4279,46125653.22
4280,2321884.038
4281,1759669.644
4282,82082270.562
4283,496951.05
4284,8672543.28
4285,422761.366
4286,549778937.45
4287,48197862.642
4288,52652733.792
4289,103974760.986
4290,146491194.678
4291,9516178.1
4292,10022879.256
4293,35724178.29
4294,92092990.058
4295,153156456.094
4296,76842339.632
4297,34554638.872
4298,2643506.19
4299,8665961.448
4300,77670689.566
4301,12521764.478
4302,17730189.846
4303,6513007.956
4304,41142873.376
4305,41110990.438
4306,35039212.282
4307,1659396.332
4308,1138909.034
4309,53692138.944
4310,2209216.238
4311,1694447.482
4312,70347778.354
4313,201758376.682
4314,8076366.466
4315,213661368.848
4316,297021938.974
4317,2023713.668
4318,23955449.5
4319,2179232.398
4320,7528151.356
4321,70739980.61
4322,14400711.12
4323,10081871.296
4324,10797547.928
4325,7141558.684
4326,89962686.79
4327,164448810.81
4328,6781146.158
4329,780071.306
4330,750054027.238
4331,55584948.574
4332,98671908.892
4333,11467981.466
4334,78383058.372
4335,86183750.966
4336,68988295.41
4337,1227923.03
4338,215683667.636
4339,113127700.744
4340,42356113.67
4341,28600210.568
4342,15580993.498
4343,33331218.842
4344,7052987.332
4345,2291907.52
4346,61815774.858
4347,153215116.064
4348,7496835.192
4349,369135602.772
4350,17198020.216
4351,254634843.442
4352,2985113.894
4353,146856671.61
4354,41042293.5
4355,30513738.034
4356,10492851.678
4357,109679349.196
4358,22369564.768
4359,54461057.648
4360,63392546.662
4361,113321463.246
4362,13733441.362
4363,115224875.71
4364,145472786.202
4365,10785866.838
4366,90905072.928
4367,69180267.322
4368,93163237.588
4369,82000057.722
4370,143115527.188
4371,75559604.51
4372,31235562.788
4373,22010107.33
4374,31661962.928
4375,7433868.372
4376,229467.57
4377,26639922.588
4378,26653138.074
4379,135764296.846
4380,77056015.624
4381,100058615.372
4382,259843266.228
4383,273136436.294
4384,74599506.712
4385,3072625.106
4386,124936292.032
4387,139212907.444
4388,59487701.43
4389,246885753.21
4390,12319723.134
4391,3523593.06
4392,145407099.204
4393,53655704.434
4394,42348115.902
4395,9247753.292
4396,83747754.952
4397,48949465.084
4398,159808838.748
4399,6339920.95
4400,10675250.568
4401,12958358.628
4402,13562380.336
4403,55310014.03
4404,78109191.578
4405,44875784.868
4406,1786481.5
4407,7017852.256
4408,5617769.444
4409,38243582.39
4410,8121023.218
4411,9930154.012
4412,99967413.974
4413,109191654.072
4414,1342213.03
4415,9145521.598
4416,4714517.14
4417,340438353.134
4418,2987751.108
4419,20398886.326
4420,650988278.846
4421,4709267.53
4422,22098870.88
4423,4625955.346
4424,4675647.852
4425,77275453.068
4426,62926475.206
4427,56192531.282
4428,8159864.574
4429,6675618.668
4430,1406576.498
4431,4476314.224
4432,189569731.448
4433,352770250.954
4434,421044299.784
4435,28817644.256
4436,64083100.3
4437,4488936.734
4438,5115715.438
4439,16207761.35
4440,13509858.932
4441,42101099.63
4442,5489060.642
4443,2096847.592
4444,26720644.354
4445,7071352.106
4446,2745149.848
4447,123052298.486
4448,29761201.044
4449,4675713.288
4450,144291317.748
4451,528233615.38
4452,51332391.744
4453,7771892.368
4454,757017.242
4455,11274474.652
4456,82992316.33
4457,10621979.914
4458,16695243.51
4459,104208789.642
4460,12702754.58
4461,119098494.546
4462,50106424.528
4463,8211377.884
4464,121720628.02
4465,26992423.214
4466,1178204.756
4467,29094951.418
4468,5753402.942
4469,41495399.378
4470,30614491.588
4471,1440111.054
4472,113505539.356
4473,21348435.258
4474,19879093.17
4475,6507035.04
4476,541786.776
4477,82560513.598
4478,15406140.936
4479,6070498.074
4480,86870657.442
4481,43221482.926
4482,21685031.902
4483,6552841.584
4484,12326043.382
4485,97446532.088
4486,68961889.0
4487,9431723.144
4488,78715173.692
4489,30083313.244
4490,24376065.098
4491,178228817.546
4492,10379907.324
4493,13854715.802
4494,22715425.322
4495,19041498.72
4496,36506063.894
4497,16789893.614
4498,76617932.284
4499,1522217.04
4500,188345103.342
4501,105047155.956
4502,16776936.316
4503,434555156.796
4504,4147854.762
4505,7405862.028
4506,89229747.768
4507,7380407.438
4508,7195116.636
4509,7244553.218
4510,10745413.786
4511,158835658.094
4512,357747.572
4513,63032237.706
4514,16309722.212
4515,318867709.384
4516,5990737.442
4517,15084846.638
4518,227096998.06
4519,65441552.486
4520,11509812.51
4521,38627886.65
4522,50395690.464
4523,38472626.048
4524,13702905.434
4525,28351163.53
4526,15719303.648
4527,49212931.302
4528,10722936.528
4529,5603426.308
4530,38089545.652
4531,6803652.894
4532,11379441.782
4533,34855099.444
4534,3714534.32
4535,98572359.884
4536,19758056.462
4537,11776469.956
4538,29176458.658
4539,756414.53
4540,107894822.118
4541,10807051.69
4542,79281941.868
4543,118672856.364
4544,15724421.014
4545,6056068.412
4546,2659009.874
4547,11774642.758
4548,42523044.194
4549,1821767.882
4550,10883234.352
4551,966558303.886
4552,77574839.0
4553,24315368.326
4554,581460405.116
4555,4744030.488
4556,73429944.144
4557,18369484.392
4558,36385616.802
4559,113198518.354
4560,94662245.02
4561,37221117.648
4562,3305146.516
4563,260161225.99
4564,2686212.66
4565,3510758.698
4566,57664979.096
4567,84462662.592
4568,6288755.692
4569,17418187.168
4570,27547044.282
4571,4502152.486
4572,38013305.716
4573,28277974.706
4574,898753.484
4575,6159805.512
4576,21635258.98
4577,29567988.77
4578,54413865.64
4579,9908938.896
4580,46619391.152
4581,9142222.386
4582,77350458.214
4583,262038978.322
4584,25506242.654
4585,107527486.034
4586,32298199.61
4587,16486298.398
4588,193465597.868
4589,12025549.756
4590,963453881.726
4591,62018880.802
4592,2358455.0
4593,783447.054
4594,33946249.82
4595,557657939.306
4596,393576098.508
4597,21013645.04
4598,143429451.444
4599,19096754.674
4600,1367958.704
4601,60501236.472
4602,29099871.578
4603,20218055.098
4604,27557090.814
4605,312529887.252
4606,136194501.062
4607,27720773.12
4608,18180892.184
4609,60592537.556
4610,162912374.32
4611,42374681.27
4612,25140689.126
4613,33306081.532
4614,20827373.066
4615,18796695.646
4616,2431544.634
4617,129377033.314
4618,3561336.664
4619,18596754.166
4620,7982244.812
4621,393026339.394
4622,11832985.48
4623,41925224.91
4624,1746196.158
4625,66409092.346
4626,9760280.306
4627,27181659.452
4628,16419219.51
4629,2603261.878
4630,13208680.98
4631,15479452.46
4632,10575437.366
4633,19051145.548
4634,2952783.134
4635,4359214.086
4636,136466630.922
4637,1853131.61
4638,33399426.67
4639,1147592.978
4640,51508843.914
4641,35217492.992
4642,24899668.584
4643,80079135.916
4644,9738026.178
4645,3020695.07
4646,855137940.332
4647,4204548.976
4648,2008951.422
4649,107972806.996
4650,118369537.438
4651,64690362.236
4652,485700625.952
4653,1636649.45
4654,89746701.622
4655,65205760.058
4656,24315932.948
4657,41267130.588
4658,21629349.64
4659,21317527.39
4660,9821531.898
4661,42097473.93
4662,12611895.382
4663,26830516.108
4664,9475102.486
4665,34767535.514
4666,30202782.93
4667,143802592.078
4668,1986127.984
4669,47260843.152
4670,36981784.04
4671,10280085.742
4672,3210770.308
4673,10502700.04
4674,12357528.048
4675,11842490.6
4676,10653633.454
4677,349117.928
4678,7903968.83
4679,375170.096
4680,6436982.28
4681,32348467.864
4682,6027545.738
4683,1395569.942
4684,5496341.174
4685,69373732.444
4686,4872489.726
4687,20312132.866
4688,142414626.252
4689,7113571.718
4690,41573187.546
4691,35476071.15
4692,10086562.382
4693,12239125.436
4694,13479501.342
4695,86097566.484
4696,5412688.136
4697,127850406.914
4698,7615985.256
4699,11489285.522
4700,152856428.64
4701,212569034.254
4702,37505343.832
4703,24935802.134
4704,103521191.736
4705,64283726.808
4706,109709445.046
4707,20692629.902
4708,31595523.706
4709,108966.906
4710,223629133.164
4711,33698980.232
4712,3118728.36
4713,340865107.704
4714,23229023.482
4715,1462118.8
4716,3491569.49
4717,43418745.66
4718,30787328.224
4719,260117898.724
4720,16806916.592
4721,9631200.756
4722,40670948.66
4723,10599077.774
4724,175102036.186
4725,13689830.224
4726,3792341.536
4727,18021561.9
4728,70240453.928
4729,142212535.878
4730,978219.716
4731,26371694.288
4732,469136474.464
4733,1989350.97
4734,238064614.436
4735,49002901.894
4736,16225802.132
4737,41482503.76
4738,3354759.888
4739,86389880.782
4740,623337076.904
4741,3740419.316
4742,124695866.256
4743,726090.534
4744,2912318.176
4745,293775631.538
4746,87933929.184
4747,39948060.344
4748,113503814.128
4749,7973098.112
4750,5420288.492
4751,67814838.354
4752,5811649.276
4753,10219930.086
4754,683604701.71
4755,32597906.132
4756,78196983.38
4757,130449204.138
4758,123015138.676
4759,426906349.372
4760,876887.102
4761,36367636.302
4762,14959217.068
4763,1815676.874
4764,387573227.656
4765,18553832.14
4766,129603614.326
4767,59081320.52
4768,111732816.598
4769,43235447.654
4770,69337338.994
4771,236685414.824
4772,18829575.956
4773,22486904.43
4774,9557193.39
4775,2046301.726
4776,2940183.426
4777,335687986.868
4778,128617731.526
4779,32298537.416
4780,168401608.216
4781,1300694.288
4782,41854240.026
4783,17915736.284
4784,13021113.682
4785,43895401.628
4786,95004254.404
4787,78280420.442
4788,75169146.404
4789,12367827.056
4790,177580071.522
4791,24414773.762
4792,11233019.024
4793,55073951.016
4794,19452902.104
4795,13994455.242
4796,9241987.124
4797,733245207.126
4798,78645090.57
4799,61755027.166
4800,42878980.31
4801,1884361.756
4802,95918303.156
4803,5920368.326
4804,20733873.446
4805,1858220.146
4806,6317958.592
4807,1715510.118
4808,8175560.256
4809,142713197.9
4810,150849.5
4811,8616573.416
4812,176880823.83
4813,143659385.078
4814,9466668.102
4815,29813977.744
4816,37351418.966
4817,10898471.822
4818,19315787.932
4819,20816274.112
4820,42983527.88
4821,979911.388
4822,5550509.33
4823,9482149.462
4824,41870149.248
4825,107834322.288
4826,44168684.55
4827,107279310.376
4828,29766113.766
4829,20826215.414
4830,60390161.17
4831,71372548.668
4832,20393105.758
4833,15155643.838
4834,12882389.34
4835,79846266.446
4836,7996613.224
4837,159491007.606
4838,68774305.346
4839,266403.676
4840,487680676.886
4841,142515.538
4842,74736523.724
4843,178229877.852
4844,6783070.914
4845,47658088.238
4846,9086307.958
4847,541202176.548
4848,70444733.388
4849,254747661.562
4850,44845740.878
4851,597213.744
4852,16283213.064
4853,167510310.468
4854,27429583.4
4855,102584699.0
4856,5631931.202
4857,74286721.99
4858,39048748.4
4859,11699166.268
4860,288066644.202
4861,130291627.426
4862,156614057.662
4863,183618982.082
4864,98110519.7
4865,28478103.366
4866,9702419.684
4867,177530145.444
4868,7656455.236
4869,5477303.324
4870,19639559.196
4871,33047204.5
4872,13165948.456
4873,20846439.08
4874,78229514.412
4875,47588095.912
4876,54372695.41
4877,64640463.738
4878,20916317.608
4879,62337468.436
4880,13163620.094
4881,6062734.902
4882,16671110.494
4883,68818166.792
4884,131429805.552
4885,21600397.49
4886,36989687.43
4887,2467291.486
4888,11747480.31
4889,2891173.716
4890,206589775.318
4891,2240468.508
4892,6124996.754
4893,109482224.804
4894,15122018.42
4895,22026956.668
4896,171313174.762
4897,4640149.542
4898,153539323.914
4899,115172661.742
4900,267806009.346
4901,60473136.618
4902,4449981.842
4903,22867708.0
4904,255777746.316
4905,37992023.046
4906,566931.452
4907,859699714.442
4908,53419897.112
4909,140788097.35
4910,19452391.486
4911,19882988.2
4912,87147483.552
4913,26027693.084
4914,77176435.174
4915,107366456.068
4916,22003152.144
4917,8858257.414
4918,167286970.12
4919,88739290.93
4920,86940606.55
4921,81905249.814
4922,22874127.244
4923,32178092.23
4924,70669437.452
4925,138425661.31
4926,1874985.484
4927,20957887.41
4928,14702776.412
4929,28216171.692
4930,16702830.062
4931,19936341.34
4932,1651319.734
4933,97735835.676
4934,2391885.776
4935,621746651.95
4936,8094432.794
4937,3774170.406
4938,8475761.112
4939,9941053.506
4940,26747089.63
4941,38051230.27
4942,2545486.212
4943,135421860.09
4944,146320753.172
4945,8282506.704
4946,7005077.674
4947,1285950.894
4948,8709194.468
4949,49849678.758
4950,57777518.23
4951,38815620.84
4952,31823444.376
4953,132486062.962
4954,54576462.082
4955,16084300.11
4956,11351037.538
4957,71453791.878
4958,16680999.03
4959,16571066.218
4960,12950818.742
4961,135086852.422
4962,6729333.646
4963,150739173.93
4964,76340580.53
4965,23392701.494
4966,15555673.926
4967,82259792.47
4968,21856542.818
4969,253475.44
4970,3215389.374
4971,75782841.432
4972,33928227.642
4973,10330256.654
4974,149202514.666
4975,28741392.794
4976,1723708.006
4977,83304578.064
4978,1134167.35
4979,28192260.05
4980,42832258.106
4981,29418294.346
4982,109422036.418
4983,1140821.782
4984,95724016.632
4985,309847690.404
4986,5278285.904
4987,3602492.648
4988,5655418.704
4989,63355956.58
4990,3395388.366
4991,23932171.832
4992,196443147.072
4993,37543606.058
4994,98428545.794
4995,2278964.442
4996,42620882.094
4997,66184342.066
4998,20414893.15
4999,109516839.666
5000,116498687.76
5001,289002119.518
5002,154159614.48
5003,91683895.558
5004,78349736.528
5005,28674247.238
5006,357866199.61
5007,51692637.6
5008,342777358.482
5009,33732007.326
5010,6037360.178
5011,6995601.76
5012,76789063.842
5013,68420069.41
5014,81979725.272
5015,20799330.098
5016,127231362.61
5017,15855163.536
5018,59863580.58
5019,79220958.546
5020,10153380.95
5021,4185768.448
5022,25010181.312
5023,10108511.038
5024,126806988.84
5025,5228687.064
5026,180714489.896
5027,46985173.266
5028,50602617.73
5029,73746997.958
5030,34732630.572
5031,8177079.102
5032,140637045.782
5033,6931907.272
5034,14958832.454
5035,2047276.43
5036,12657529.558
5037,24189274.554
5038,354210722.406
5039,4110787.432
5040,177260587.482
5041,36432705.242
5042,18866502.002
5043,39823218.518
5044,467476205.336
5045,37855108.024
5046,4752428.77
5047,1400275.75
5048,2461807.86
5049,113063943.68
5050,2472526.924
5051,302784279.56
5052,149454268.186
5053,26555711.65
5054,36915914.69
5055,14415406.478
5056,22289861.252
5057,13596288.408
5058,8457994.314
5059,22626694.29
5060,122330413.642
5061,44811738.95
5062,1285343.692
5063,1240088.614
5064,91215793.804
5065,34649135.71
5066,16307804.726
5067,54564566.764
5068,19155835.552
5069,72448211.454
5070,66406878.7
5071,133836567.464
5072,130675477.802
5073,11001870.774
5074,9692878.352
5075,7984934.056
5076,31150774.588
5077,113465260.298
5078,3482283.614
5079,4825109.356
5080,97607185.988
5081,71658712.714
5082,21078777.728
5083,3827819.496
5084,13915356.318
5085,2231068.046
5086,10916626.154
5087,6733971.606
5088,7544638.56
5089,8237481.394
5090,13316920.678
5091,28946032.254
5092,54671238.104
5093,78863082.74
5094,60030173.858
5095,159133344.048
5096,50789125.724
5097,2750237.032
5098,4521900.718
5099,12928887.27
5100,9605633.428
5101,1163668.28
5102,11528964.428
5103,3419712.056
5104,48509069.466
5105,5510609.346
5106,6607763.28
5107,8422616.302
5108,35034408.304
5109,1876947.758
5110,32531428.582
5111,89079043.342
5112,32953945.898
5113,843265.95
5114,25546370.822
5115,7756145.574
5116,8868417.73
5117,243008569.334
5118,28854095.978
5119,1373394.246
5120,1389585.458
5121,105190086.026
5122,25671336.692
5123,8567706.724
5124,10136996.568
5125,17213442.552
5126,16787196.114
5127,79017950.67
5128,472640.542
5129,11185268.35
5130,29516838.85
5131,16236798.736
5132,59039355.898
5133,129814711.334
5134,132256874.286
5135,167678209.876
5136,10717708.434
5137,92502008.338
5138,24803274.806
5139,119099471.93
5140,142441419.392
5141,50774334.188
5142,121817396.382
5143,104061246.612
5144,67742694.282
5145,16145337.814
5146,5796362.288
5147,7160566.18
5148,94997423.878
5149,13381168.948
5150,455022181.802
5151,472755863.936
5152,82965329.516
5153,28194213.306
5154,60505819.076
5155,7295032.542
5156,619416310.936
5157,12654849.692
5158,4270261.216
5159,95698495.026
5160,15986388.394
5161,38714387.144
5162,99354938.332
5163,114362112.234
5164,2297704.884
5165,35744301.952
5166,127762058.244
5167,5973171.078
5168,30601866.764
5169,10508087.236
5170,98432673.172
5171,136092336.488
5172,7099462.176
5173,87543108.238
5174,120728333.516
5175,4504868.652
5176,16591730.682
5177,319652805.274
5178,758316597.036
5179,3701094.584
5180,16941995.732
5181,2034513.058
5182,75407313.278
5183,7519377.3
5184,23632742.242
5185,13228468.744
5186,8638707.954
5187,4470329.688
5188,12341589.78
5189,23981207.214
5190,549425845.602
5191,136276820.102
5192,95615922.126
5193,175649775.39
5194,74575605.942
5195,153054765.414
5196,59312863.186
5197,78024532.632
5198,46726050.556
5199,15971470.766
5200,9384421.884
5201,18513644.812
5202,6257828.522
5203,1398046.546
5204,1043654.252
5205,29756124.242
5206,19515514.74
5207,13018683.826
5208,41789184.82
5209,160447825.488
5210,47741848.928
5211,22824585.57
5212,10494051.978
5213,130226719.972
5214,869365.988
5215,6230790.278
5216,54653944.874
5217,16220017.896
5218,31556263.564
5219,58151136.212
5220,81798346.44
5221,2771524.874
5222,6672502.346
5223,161352660.378
5224,484378.046
5225,1051997.636
5226,75238313.778
5227,1925318.382
5228,27768831.248
5229,207488982.804
5230,9280162.722
5231,3663357.694
5232,2254208.604
5233,1506120.2
5234,107227426.54
5235,28577919.042
5236,146274295.934
5237,154290317.748
5238,9627580.23
5239,72654266.89
5240,118580126.83
5241,61985007.78
5242,38520052.774
5243,2833922.334
5244,112727622.76
5245,19813154.258
5246,36431278.118
5247,58926391.346
5248,22455309.296
5249,83916810.142
5250,181841902.632
5251,7134305.652
5252,925883.348
5253,4649267.49
5254,2980457.054
5255,125024487.722
5256,58628799.24
5257,4864733.456
5258,8741301.608
5259,110324173.084
5260,12592856.4
5261,43332194.75
5262,11130958.584
5263,34062433.792
5264,10122775.434
5265,51887126.406
5266,18201889.078
5267,6058317.934
5268,8800066.11
5269,100060843.326
5270,70099487.088
5271,23209206.372
5272,65490282.448
5273,1174771.67
5274,70025866.264
5275,27162117.456
5276,53640918.478
5277,9300954.114
5278,19310738.39
5279,14040582.41
5280,4994193.95
5281,43095899.774
5282,117447778.088
5283,1798855.274
5284,12852694.668
5285,87024515.756
5286,12288936.766
5287,4511344.442
5288,15684901.56
5289,207317571.702
5290,110593723.078
5291,710810592.65
5292,168056868.21
5293,193286335.646
5294,2153521.326
5295,692400577.042
5296,3142492.476
5297,78837945.792
5298,120484815.134
5299,7909428.252
5300,5305280.038
5301,38061770.196
5302,118572001.196
5303,6933156.996
5304,16675498.458
5305,7518902.148
5306,77158611.808
5307,223164331.014
5308,664753.838
5309,2888149.172
5310,119318971.686
5311,3565730.138
5312,156319756.052
5313,590917197.264
5314,68083783.342
5315,11898260.232
5316,46485763.942
5317,23180901.018
5318,9488434.31
5319,51532504.35
5320,35379629.364
5321,42369342.434
5322,2616679.134
5323,125406456.948
5324,18392762.356
5325,9656115.334
5326,21149541.368
5327,99229475.42
5328,29557787.756
5329,8581624.008
5330,165207376.238
5331,10163628.746
5332,2477603.436
5333,68351592.828
5334,34796656.764
5335,8607370.218
5336,30031144.198
5337,2942029.96
5338,54077037.58
5339,33523893.682
5340,9101276.042
5341,131366181.268
5342,312125464.078
5343,25733745.134
5344,117269189.862
5345,1865143.02
5346,72991597.806
5347,12237587.434
5348,26961228.002
5349,12736567.056
5350,1466273.51
5351,118739935.66
5352,18807040.992
5353,56369589.95
5354,145395376.444
5355,81252896.338
5356,35745243.316
5357,930976.844
5358,63181964.686
5359,43215415.956
5360,121887669.236
5361,8940268.168
5362,1808003.634
5363,23421831.646
5364,2102079.702
5365,85049109.388
5366,67451014.256
5367,129801735.638
5368,14240356.74
5369,485515965.476
5370,28500070.056
5371,50745771.668
5372,634660125.584
5373,45265836.506
5374,126836526.526
5375,125322114.714
5376,134517107.526
5377,59139626.514
5378,1560869.192
5379,39497592.784
5380,71555667.556
5381,126649706.918
5382,57837406.592
5383,3117580.248
5384,177926558.548
5385,99412481.858
5386,66829383.462
5387,7025667.074
5388,276359632.22
5389,43865131.78
5390,59391230.618
5391,68412447.464
5392,3087234.206
5393,10166336.914
5394,75261309.142
5395,54282229.178
5396,239896708.84
5397,5717294.23
5398,16411980.098
5399,803322.604
5400,7211577.988
5401,129679395.172
5402,49747193.484
5403,71004465.818
5404,1893157.974
5405,80185603.528
5406,2022504.616
5407,266492757.376
5408,492580910.846
5409,94326480.434
5410,4762777.244
5411,26608945.614
5412,670280.552
5413,4494026.488
5414,113076199.698
5415,109214259.988
5416,31285522.158
5417,158161216.864
5418,1900980.692
5419,2326305.42
5420,52929621.624
5421,70516436.746
5422,72866186.94
5423,359717071.608
5424,194147979.11
5425,39817801.286
5426,31513942.368
5427,4165752.794
5428,57340702.484
5429,87177277.78
5430,185951860.08
5431,107818913.364
5432,115740381.078
5433,18167952.08
5434,87741152.554
5435,4177243.428
5436,44604262.21
5437,34304521.33
5438,28656887.752
5439,11767961.288
5440,105657128.874
5441,10081543.598
5442,116403153.664
5443,120781496.464
5444,98164597.704
5445,104773268.938
5446,86081249.726
5447,16348752.096
5448,11696933.75
5449,120574651.726
5450,10994510.722
5451,35564098.796
5452,2776056.126
5453,284045622.22
5454,114545790.636
5455,53197739.83
5456,15865403.916
5457,62578483.424
5458,4812459.606
5459,12104482.822
5460,2396219.034
5461,223963.006
5462,2923913.268
5463,830716914.022
5464,1864680.612
5465,40844211.662
5466,145505611.274
5467,77759961.798
5468,105711064.63
5469,1497831.238
5470,223671985.364
5471,168135136.552
5472,146276538.272
5473,33454670.496
5474,29752128.01
5475,24244438.288
5476,9243288.002
5477,10424074.646
5478,128993254.284
5479,114677712.226
5480,23868811.604
5481,11497257.574
5482,59014605.848
5483,20483302.042
5484,118489684.486
5485,9851662.666
5486,35895829.748
5487,429655676.582
5488,100729980.938
5489,31804966.712
5490,3060777.626
5491,172892207.17
5492,76668229.7
5493,27480173.69
5494,736663.26
5495,33013058.718
5496,38170546.492
5497,27683642.14
5498,4748780.134
5499,111634867.186
5500,45799805.134
5501,7428252.81
5502,10756064.394
5503,16096309.504
5504,55121552.832
5505,4180918.868
5506,589142808.25
5507,61148024.786
5508,89725824.88
5509,107445774.058
5510,12408016.75
5511,10767361.538
5512,146760415.922
5513,1532645.238
5514,39463870.574
5515,10386859.392
5516,3027314.57
5517,246094109.222
5518,32997006.228
5519,217518369.552
5520,24440845.794
5521,33060404.27
5522,204578.926
5523,413339917.318
5524,451468811.008
5525,89967707.538
5526,11814413.714
5527,5611230.878
5528,118558252.094
5529,2942895.65
5530,352586871.84
5531,6151549.198
5532,22374613.318
5533,112491680.89
5534,481015914.668
5535,11071860.586
5536,3642020.592
5537,11661148.398
5538,22038475.726
5539,187167895.368
5540,46009758.438
5541,144973826.72
5542,4617562.29
5543,19410619.03
5544,62939521.506
5545,969538.982
5546,21447307.714
5547,20333607.782
5548,16019098.618
5549,92405364.65
5550,46125719.544
5551,22742545.52
5552,130218205.48
5553,53914529.21
5554,47048485.4
5555,78345981.596
5556,20045337.956
5557,3582629.132
5558,527524904.874
5559,3277917.24
5560,10370681.39
5561,32783378.966
5562,100586720.608
5563,1434899.158
5564,5128926.45
5565,23757627.412
5566,13430603.934
5567,28045038.432
5568,41518867.622
5569,55054469.044
5570,47300907.45
5571,108084624.722
5572,1645777.722
5573,156828174.382
5574,43290855.952
5575,107001241.398
5576,62852302.45
5577,48066188.35
5578,4334575.714
5579,17124449.106
5580,6491201.484
5581,35588836.444
5582,52508040.608
5583,93830892.516
5584,54266264.918
5585,29657049.678
5586,2416817.38
5587,40490246.288
5588,184851132.07
5589,85824843.34
5590,1054461.332
5591,87549848.744
5592,2503077.206
5593,65066605.802
5594,8646468.48
5595,84932635.46
5596,145201590.342
5597,8644442.074
5598,25708896.462
5599,18824989.99
5600,2156950.798
5601,65828515.41
5602,97649940.824
5603,4690816.64
5604,49521657.106
5605,283328633.814
5606,104144369.36
5607,45311059.524
5608,114185055.81
5609,38095555.102
5610,64377605.454
5611,71877128.892
5612,706553980.256
5613,10335834.112
5614,28908634.812
5615,56372029.12
5616,5809243.566
5617,306956067.144
5618,33552931.96
5619,41638295.494
5620,10961391.28
5621,80124315.572
5622,35535519.954
5623,52338215.108
5624,335707922.708
5625,1728683.75
5626,13650948.038
5627,119428572.514
5628,53970356.524
5629,384204448.276
5630,53485096.038
5631,68930331.2
5632,65572229.164
5633,29170046.86
5634,13473133.722
5635,124214263.132
5636,4637386.374
5637,32796829.684
5638,128192325.89
5639,6528715.224
5640,2769021.86
5641,108148252.458
5642,20334191.446
5643,15066482.802
5644,640823078.304
5645,251662331.25
5646,15519338.19
5647,13080674.9
5648,93104997.31
5649,3555469.458
5650,163874166.232
5651,42301547.126
5652,3460678.344
5653,169495483.454
5654,79901018.842
5655,104606216.108
5656,696624786.578
5657,2803105.57
5658,21001114.348
5659,97969435.138
5660,124263663.196
5661,30388267.538
5662,167986395.52
5663,9961180.31
5664,8845641.308
5665,95868634.738
5666,17938326.078
5667,34402026.482
5668,9550222.294
5669,12464179.952
5670,663469527.264
5671,27166240.538
5672,9230137.46
5673,169128856.564
5674,18215778.554
5675,8095835.894
5676,1625739.052
5677,101670673.054
5678,119843810.324
5679,2508073.598
5680,33666440.844
5681,982234271.68
5682,3797617.812
5683,611852945.93
5684,91436855.26
5685,68100265.73
5686,3814951.546
5687,78524093.058
5688,30416802.938
5689,39742431.17
5690,10822624.808
5691,64683349.816
5692,589435110.506
5693,58275383.94
5694,68659322.378
5695,4397510.26
5696,39896705.804
5697,1244491.544
5698,11292516.262
5699,8349647.008
5700,85331066.084
5701,30685324.626
5702,60153054.356
5703,117168268.39
5704,142589301.016
5705,22371289.27
5706,1381642.186
5707,100701659.108
5708,15787590.554
5709,50873664.538
5710,9698582.924
5711,63246084.032
5712,122411826.854
5713,7649292.714
5714,34075121.636
5715,25071038.624
5716,2748880.218
5717,22802146.692
5718,10097760.37
5719,38868755.048
5720,26304853.102
5721,135213012.416
5722,7258986.196
5723,120835002.854
5724,4265495.354
5725,781050.3
5726,98593205.124
5727,146123003.278
5728,8939205.328
5729,171124997.384
5730,11650659.908
5731,1969543.76
5732,11597881.006
5733,7548849.294
5734,57265728.392
5735,9990410.268
5736,41810437.878
5737,71709376.806
5738,120093921.698
5739,31968911.412
5740,117037992.772
5741,120040231.592
5742,82008279.29
5743,73449813.166
5744,801894.728
5745,8629268.148
5746,44102955.788
5747,2908955.608
5748,141852442.346
5749,99216645.77
5750,85835173.0
5751,72140678.1
5752,6456069.312
5753,327399531.084
5754,19883038.78
5755,85138268.42
5756,28332393.094
5757,14389819.076
5758,658034.222
5759,29625510.452
5760,8759053.906
5761,5211337.686
5762,273879335.968
5763,143118404.618
5764,18688575.152
5765,62318839.822
5766,70744576.594
5767,68469917.618
5768,57706458.89
5769,573059039.072
5770,17055318.894
5771,35802518.476
5772,21379033.04
5773,401260960.408
5774,104485953.512
5775,38212500.948
5776,11995762.71
5777,203836803.394
5778,131973316.72
5779,250643405.766
5780,2429385.748
5781,127992792.196
5782,52611437.548
5783,90322026.09
5784,8656788.488
5785,111191012.36
5786,33149599.854
5787,181860977.466
5788,3492403.088
5789,33459320.202
5790,126483485.512
5791,126033835.728
5792,11708882.842
5793,62425907.75
5794,72560690.606
5795,101531014.276
5796,12253370.636
5797,70105265.578
5798,9081297.926
5799,265417177.036
5800,1199658.602
5801,16410557.33
5802,2402051.674
5803,997916.866
5804,442345863.898
5805,17053545.398
5806,23212457.006
5807,35854577.6
5808,83434925.978
5809,19060247.364
5810,196171.336
5811,10747822.07
5812,104754435.822
5813,188431268.55
5814,4552315.158
5815,5484764.666
5816,10517774.486
5817,5789652.454
5818,8702411.608
5819,58059684.78
5820,39652124.278
5821,928043.264
5822,228513.496
5823,83001399.086
5824,49532686.652
5825,23356825.174
5826,14506736.764
5827,11422230.46
5828,402407142.52
5829,97616055.864
5830,39611298.566
5831,116515241.948
5832,57773496.33
5833,29565422.682
5834,49192806.336
5835,713053.922
5836,106498701.224
5837,51782146.022
5838,606339.958
5839,134205832.14
5840,3973015.888
5841,76477859.766
5842,63801694.488
5843,24342352.014
5844,6071788.682
5845,7371964.756
5846,3996542.64
5847,93100742.59
5848,70527995.832
5849,6272389.096
5850,60417818.886
5851,7775051.686
5852,16642429.266
5853,54555250.366
5854,38081506.752
5855,164902988.884
5856,43789071.986
5857,552591771.316
5858,6275658.536
5859,48802530.062
5860,233600765.596
5861,2995225.638
5862,7760673.178
5863,91511830.312
5864,605000597.706
5865,30222217.75
5866,14785960.792
5867,44383918.344
5868,48072661.304
5869,22854743.038
5870,2495629.418
5871,167864812.234
5872,164215234.666
5873,38666445.276
5874,4060249.812
5875,39237985.354
5876,100287932.374
5877,5418089.818
5878,145384513.42
5879,19286723.244
5880,101787658.488
5881,167563283.324
5882,194707596.68
5883,19346910.87
5884,60949663.354
5885,8539873.286
5886,28554504.37
5887,8615438.436
5888,12845781.18
5889,4326056.25
5890,34313431.864
5891,53628541.17
5892,12851943.936
5893,6511624.308
5894,111785661.96
5895,28780538.504
5896,133253339.188
5897,2620702.332
5898,38940927.52
5899,4691128.676
5900,15261317.26
5901,83996.538
5902,42744363.686
5903,117483012.634
5904,61943126.966
5905,43588652.468
5906,109769327.554
5907,3624374.908
5908,40583874.3
5909,26422637.8
5910,103566152.882
5911,4460306.084
5912,245053312.896
5913,56713488.978
5914,8093969.6
5915,8301460.578
5916,99510892.816
5917,180847172.46
5918,83836032.022
5919,78952112.666
5920,2433442.134
5921,29961797.33
5922,15513936.364
5923,31256189.208
5924,11296358.822
5925,496816472.684
5926,4713118.232
5927,5173487.654
5928,75658035.73
5929,2131814.614
5930,47049613.21
5931,78516146.096
5932,3002627.49
5933,15458628.62
5934,133065544.518
5935,212913410.842
5936,119143844.382
5937,4750876.262
5938,10493162.328
5939,92254307.362
5940,160321530.204
5941,26289021.992
5942,137442541.618
5943,11650670.968
5944,48392555.548
5945,10231771.438
5946,6548889.802
5947,921859.638
5948,157303353.71
5949,20305724.672
5950,123212358.55
5951,82102069.682
5952,13261071.168
5953,190039604.152
5954,29049390.56
5955,42730745.016
5956,78728654.788
5957,89099996.746
5958,95118900.638
5959,12954974.598
5960,16643753.002
5961,11127360.806
5962,8114512.458
5963,53925326.43
5964,90195232.54
5965,81990282.064
5966,38677445.328
5967,443776540.594
5968,55551048.45
5969,62821786.982
5970,28193924.266
5971,5977403.452
5972,18064849.578
5973,125742815.926
5974,8288651.256
5975,23648250.836
5976,3188391.976
5977,5574745.574
5978,889094227.158
5979,9872080.774
5980,240334451.58
5981,11743239.162
5982,155748740.682
5983,12819966.758
5984,37001325.168
5985,81791429.626
5986,1349973.092
5987,28160623.698
5988,63742274.942
5989,2679255.762
5990,159739157.586
5991,3553939.102
5992,70580412.146
5993,30476687.732
5994,4134091.362
5995,36259473.474
5996,31356582.826
5997,30704801.134
5998,240435622.598
5999,3133576.994
6000,27301913.59
6001,48915094.282
6002,2823167.344
6003,471723579.18
6004,82084500.544
6005,4680847.79
6006,20025474.226
6007,15693950.93
6008,14808946.808
6009,91052891.554
6010,66754425.686
6011,34652521.032
6012,27862880.862
6013,277780306.388
6014,19628164.874
6015,61382791.782
6016,57967363.232
6017,14682587.884
6018,50674329.748
6019,5542055.0
6020,7431642.428
6021,12880098.26
6022,7145230.046
6023,34830610.32
6024,5711316.044
6025,15868361.368
6026,168640933.806
6027,20470956.144
6028,132337651.624
6029,10151881.632
6030,309503004.842
6031,54909292.836
6032,2543267.758
6033,98947961.772
6034,4966899.168
6035,318424345.454
6036,5413997.292
6037,7347316.788
6038,196292.788
6039,17299992.194
6040,68294479.482
6041,340485714.006
6042,960323.71
6043,131289406.19
6044,2214808.718
6045,52194465.998
6046,4495271.004
6047,35076517.14
6048,18257022.542
6049,8566091.306
6050,5562229.066
6051,1743416.264
6052,90842876.564
6053,662706.68
6054,6389178.586
6055,6699823.07
6056,37354196.938
6057,1526650.148
6058,34112336.232
6059,169250633.424
6060,42476368.51
6061,87235244.458
6062,8906346.722
6063,122964857.076
6064,8489335.632
6065,94002179.694
6066,59680436.714
6067,121104480.858
6068,343163.862
6069,147106592.562
6070,155615301.894
6071,8073386.242
6072,69538120.696
6073,42330838.574
6074,5945849.926
6075,16830353.22
6076,83032104.712
6077,26686207.162
6078,107637382.65
6079,616814806.124
6080,2151437.866
6081,8085405.536
6082,10488959.206
6083,105865137.866
6084,53323311.246
6085,28254324.972
6086,10765901.508
6087,56151099.9
6088,12411063.604
6089,40555476.452
6090,355502533.35
6091,3342592.442
6092,13916483.066
6093,18806036.028
6094,109660091.664
6095,210980801.214
6096,11167074.988
6097,35304933.874
6098,30177371.03
6099,81216284.276
6100,61374643.224
6101,146299418.618
6102,120761826.218
6103,114105344.368
6104,439370.014
6105,5650840.77
6106,3108070.506
6107,1001223.204
6108,204761413.368
6109,10740646.056
6110,79040277.67
6111,3929334.434
6112,867223.198
6113,8051396.494
6114,92838297.13
6115,188262282.226
6116,3984523.496
6117,45866906.904
6118,128331153.79
6119,98316659.51
6120,83471410.64
6121,2752700.942
6122,97221205.694
6123,490816.396
6124,6081488.874
6125,11319802.442
6126,25755249.598
6127,36609927.54
6128,303265051.272
6129,12560830.616
6130,3589949.484
6131,12913047.712
6132,382223.21
6133,22568366.12
6134,68015211.898
6135,79757487.5
6136,554567623.778
6137,123058460.748
6138,13543668.266
6139,896218292.958
6140,24825981.424
6141,35239870.518
6142,2170687.608
6143,5767922.824
6144,17593136.322
6145,65303953.958
6146,63534657.03
6147,56025566.442
6148,19586252.346
6149,111127461.244
6150,396941437.1
6151,37679989.796
6152,966278148.264
6153,7171304.222
6154,3724020.136
6155,181980095.352
6156,5356965.252
6157,23969145.088
6158,162422343.696
6159,42115215.654
6160,77108143.652
6161,29438989.256
6162,14951023.072
6163,14686307.822
6164,7608494.39
6165,41197985.796
6166,59243738.496
6167,20885672.574
6168,27474916.682
6169,67453530.334
6170,17663947.49
6171,16723411.75
6172,14007869.742
6173,16319514.91
6174,62823427.292
6175,14417360.926
6176,50299335.69
6177,136962551.854
6178,2803063.654
6179,290560947.016
6180,48989804.748
6181,8118731.968
6182,420542399.374
6183,17176217.258
6184,761746303.742
6185,21116193.12
6186,42829753.212
6187,10509295.946
6188,39264638.832
6189,9055409.95
6190,106477318.522
6191,7045903.394
6192,237342246.116
6193,15119367.286
6194,1914991.9
6195,1718693.552
6196,76578579.734
6197,3485020.178
6198,139298109.658
6199,651242237.716
6200,1935816.042
6201,6032212.602
6202,163726283.172
6203,603241863.288
6204,11839001.442
6205,3404681.878
6206,62694511.392
6207,129061101.702
6208,78061037.668
6209,625171.328
6210,5267982.37
6211,82660129.78
6212,46184582.164
6213,19178592.462
6214,14162047.862
6215,41558977.46
6216,28908691.054
6217,791012.234
6218,15395874.438
6219,58900410.626
6220,2389555.394
6221,37844426.436
6222,16849878.796
6223,57521009.692
6224,55143053.302
6225,141678914.86
6226,36493849.41
6227,31363070.432
6228,5623647.416
6229,3004087.622
6230,2329683.686
6231,111159097.354
6232,9441846.824
6233,146616557.392
6234,36012713.642
6235,32557855.312
6236,36064832.076
6237,8020807.408
6238,17969257.586
6239,190618412.49
6240,140588180.642
6241,1624567.314
6242,6536817.3
6243,17950235.754
6244,85015261.378
6245,8558021.246
6246,4712608.194
6247,414608448.722
6248,8221533.566
6249,28872586.018
6250,80267782.082
6251,106852517.956
6252,19645619.28
6253,12793985.324
6254,178058792.402
6255,6419004.028
6256,8186309.4
6257,73645165.41
6258,2454259.312
6259,4268538.292
6260,5781224.16
6261,89969875.248
6262,20963392.194
6263,165789001.43
6264,4982624.986
6265,23197411.518
6266,8015786.788
6267,201414908.636
6268,1665046.382
6269,261357199.704
6270,80946225.73
6271,269742699.156
6272,4369056.456
6273,26273949.548
6274,392946381.872
6275,30227933.712
6276,34329344.454
6277,26428727.3
6278,5611585.874
6279,33361542.526
6280,54229984.946
6281,15532974.236
6282,435478793.394
6283,35425653.78
6284,137468537.422
6285,133856501.568
6286,3639716.412
6287,22340222.312
6288,155836789.33
6289,195885377.188
6290,1015568.038
6291,46365766.066
6292,114123813.052
6293,370697836.644
6294,6630130.996
6295,255603228.612
6296,8221182.27
6297,38020586.422
6298,2850986.748
6299,2373075.294
6300,80784228.382
6301,20132499.978
6302,7471324.314
6303,8952094.264
6304,15875762.83
6305,180417698.95
6306,65174501.04
6307,4210390.604
6308,3151936.02
6309,4000666.538
6310,55205656.804
6311,3740254.386
6312,4282186.18
6313,57159167.912
6314,75725865.742
6315,7951845.67
6316,107571580.43
6317,119826234.842
6318,75712094.48
6319,75528252.876
6320,10919401.902
6321,130006810.18
6322,43364672.938
6323,32182475.808
6324,2315109.594
6325,227337773.422
6326,5371293.252
6327,22905856.08
6328,47333050.962
6329,10958962.442
6330,3678295.284
6331,115699471.698
6332,4438674.752
6333,22884525.674
6334,1273462.712
6335,130304754.01
6336,60386617.7
6337,121567342.282
6338,1307429.908
6339,23486298.634
6340,14440319.512
6341,5302328.044
6342,8073466.454
6343,25470532.44
6344,108885245.368
6345,3046431.076
6346,146108742.1
6347,96234380.642
6348,29218049.296
6349,57582417.836
6350,2884092.84
6351,174389107.724
6352,114330011.946
6353,7240793.254
6354,645740.716
6355,337905.546
6356,16381193.748
6357,9234329.482
6358,7345199.212
6359,9145330.054
6360,16418791.28
6361,159162331.854
6362,27465169.15
6363,40837271.32
6364,8155738.438
6365,214922263.378
6366,43746274.92
6367,15069364.366
6368,65596793.732
6369,5564182.024
6370,347624250.006
6371,16024263.51
6372,75085738.926
6373,8582575.584
6374,11336410.482
6375,110704138.432
6376,17437623.526
6377,6141056.674
6378,7919609.598
6379,230159974.978
6380,16464038.49
6381,561497410.366
6382,92594027.266
6383,31675965.324
6384,91724809.17
6385,26095758.174
6386,410030736.23
6387,12132136.228
6388,3603255.44
6389,2379341.602
6390,61919337.242
6391,7118557.536
6392,18546351.834
6393,205412887.91
6394,232656700.632
6395,1495636.336
6396,1755243.492
6397,9442779.88
6398,8710932.664
6399,4376615.116
6400,31409405.152
6401,3335196.008
6402,55914841.868
6403,1911686.052
6404,31475031.56
6405,3532695.424
6406,9111470.268
6407,39963018.768
6408,42651253.38
6409,70773004.9
6410,29846443.376
6411,17409189.422
6412,2625123.304
6413,20089882.648
6414,660138341.136
6415,4328161.948
6416,4406438.052
6417,65803044.17
6418,77630597.736
6419,32984531.588
6420,26715578.25
6421,48311707.96
6422,311630.368
6423,12085445.556
6424,91149007.03
6425,49117700.462
6426,15373189.39
6427,8911570.246
6428,4717090.114
6429,47266066.942
6430,147254075.392
6431,119839635.962
6432,151130016.982
6433,43911350.676
6434,40308509.41
6435,59064417.808
6436,80395868.18
6437,10170036.384
6438,52256685.916
6439,21041024.71
6440,57915189.198
6441,10090704.54
6442,12345416.892
6443,21897316.202
6444,1378591.684
6445,463579911.362
6446,425767514.666
6447,10440292.092
6448,6074198.234
6449,82412520.376
6450,14798309.17
6451,20067603.97
6452,30588511.51
6453,131958385.504
6454,82262821.622
6455,18074874.232
6456,15575754.274
6457,149499677.15
6458,3633607.442
6459,27651109.912
6460,121561914.92
6461,196872351.636
6462,140527367.448
6463,2805065.406
6464,14856093.74
6465,18394723.408
6466,29382036.686
6467,16340062.078
6468,5747924.39
6469,7375749.484
6470,6236026.116
6471,2779784.168
6472,11842267.99
6473,26391304.162
6474,5724394.894
6475,8301276.392
6476,332981492.854
6477,126931355.642
6478,18967877.338
6479,324697936.668
6480,87688183.53
6481,32648837.244
6482,5935533.714
6483,4974882.154
6484,113994683.688
6485,130139335.368
6486,1154961.426
6487,81640595.792
6488,59010436.748
6489,1091150.674
6490,7473865.496
6491,21698109.302
6492,36710577.32
6493,62212775.06
6494,130083978.408
6495,32653472.346
6496,218958767.204
6497,259326449.418
6498,29934790.234
6499,32556445.212
6500,2008348.856
6501,9176817.894
6502,126695460.444
6503,21535761.546
6504,7883872.882
6505,22501347.922
6506,10556485.02
6507,13992957.744
6508,76737763.006
6509,7675801.708
6510,6925611.308
6511,21070787.368
6512,3558528.918
6513,12917728.172
6514,10124835.278
6515,271436770.882
6516,36655753.75
6517,4208389.3
6518,25166335.268
6519,91036927.078
6520,4607659.932
6521,343532752.786
6522,42446892.292
6523,51605831.096
6524,63987076.78
6525,63382677.72
6526,422787859.978
6527,7226973.32
6528,11219651.254
6529,47545750.392
6530,107332688.086
6531,3920840.37
6532,10823763.038
6533,6445204.996
6534,482104957.082
6535,11346714.516
6536,35258836.832
6537,70331942.986
6538,53984691.12
6539,198430900.102
6540,139990715.688
6541,144600742.9
6542,43266470.596
6543,424685.122
6544,18378890.874
6545,21174921.856
6546,612821239.088
6547,2497799.558
6548,62322831.666
6549,112680973.154
6550,43780032.426
6551,67275109.95
6552,27297057.014
6553,767378.328
6554,72136813.886
6555,51267366.834
6556,60992676.858
6557,25174756.834
6558,104233565.202
6559,86374780.412
6560,256670549.304
6561,5085826.414
6562,116609281.692
6563,27645059.192
6564,9975778.97
6565,49685976.544
6566,59162779.054
6567,11747399.832
6568,88968331.198
6569,5183562.688
6570,84039904.02
6571,31240011.352
6572,839907.46
6573,18544073.83
6574,76685516.484
6575,4534886.472
6576,48126531.788
6577,13714716.424
6578,51936031.612
6579,15108197.582
6580,6070449.004
6581,46605634.486
6582,2222281.056
6583,912641.018
6584,1872441.268
6585,75248406.868
6586,95091665.878
6587,27998849.934
6588,5394215.27
6589,82250094.986
6590,79236734.624
6591,27629396.18
6592,201398874.926
6593,74809868.48
6594,107868455.88
6595,491984.048
6596,156964201.75
6597,9469935.754
6598,28144952.636
6599,17013240.332
6600,19427907.208
6601,51579162.208
6602,523453594.36
6603,53928205.644
6604,25347524.114
6605,135326934.656
6606,20738014.468
6607,58200661.25
6608,597060.624
6609,4706793.278
6610,51860537.548
6611,9559632.964
6612,625213563.49
6613,69292807.05
6614,345029455.852
6615,2797308.556
6616,108061676.488
6617,72549451.804
6618,70961542.568
6619,8126669.536
6620,8057727.694
6621,31243181.608
6622,99137167.142
6623,146059974.92
6624,152815701.536
6625,191368330.868
6626,51571716.514
6627,42300653.856
6628,2582802.784
6629,20061313.016
6630,14410646.176
6631,3643504.434
6632,2702785.854
6633,10359480.806
6634,19324012.804
6635,12459864.748
6636,130239306.51
6637,59932942.738
6638,1626218.018
6639,47427263.524
6640,60119185.482
6641,148545777.684
6642,202935582.656
6643,3032863.372
6644,5172668.07
6645,35355709.474
6646,62110768.328
6647,9826534.626
6648,70607840.994
6649,6915218.126
6650,50402409.684
6651,43908939.984
6652,5628609.182
6653,75544774.0
6654,132093095.858
6655,38490534.37
6656,21512185.89
6657,125765525.984
6658,3694180.044
6659,5468180.774
6660,3718352.232
6661,3433366.798
6662,26206443.224
6663,516616845.804
6664,31380544.498
6665,755554.488
6666,28622529.296
6667,106504318.71
6668,14953917.902
6669,26564866.364
6670,4993131.688
6671,55741514.142
6672,54701822.846
6673,133943538.782
6674,575400973.098
6675,85028892.692
6676,15634647.102
6677,6514006.03
6678,9706720.098
6679,435070461.178
6680,25512574.69
6681,987014239.306
6682,51828909.19
6683,17508063.9
6684,2350449.094
6685,24302629.52
6686,11343607.24
6687,111099340.182
6688,31764075.764
6689,57634499.826
6690,244219812.194
6691,4172168.4
6692,392465914.994
6693,58130439.762
6694,60781642.986
6695,17611437.466
6696,134353526.546
6697,11071900.018
6698,13574437.756
6699,292602966.07
6700,285879711.966
6701,115234006.444
6702,31930378.32
6703,10866466.644
6704,11684170.148
6705,55626312.87
6706,73929178.944
6707,42687599.536
6708,35915912.466
6709,3153257.13
6710,87860703.704
6711,21839215.972
6712,155510152.828
6713,5867191.57
6714,1473968.02
6715,3695785.542
6716,56486455.178
6717,459712868.87
6718,38907934.96
6719,82320576.386
6720,625573.04
6721,97457308.06
6722,7961052.132
6723,112665620.42
6724,14636872.934
6725,2416014.472
6726,128296513.582
6727,10467705.404
6728,10392370.728
6729,15362087.408
6730,22094415.622
6731,3631088.848
6732,9950034.318
6733,87314233.892
6734,13031487.75
6735,92986084.288
6736,6209014.258
6737,5365984.342
6738,7630299.878
6739,14187378.608
6740,194818.036
6741,1426947.492
6742,31347179.0
6743,73405784.064
6744,8740735.084
6745,17025561.918
6746,54494389.146
6747,38611912.488
6748,956571.664
6749,5125291.476
6750,3186619.988
6751,18750671.874
6752,144756067.988
6753,15278619.324
6754,135392509.412
6755,13501222.178
6756,164062942.282
6757,50330287.908
6758,12372532.25
6759,143862123.716
6760,32201869.366
6761,33840185.526
6762,1283128.936
6763,33710851.098
6764,1615962.2
6765,171138808.734
6766,808165.438
6767,48130668.0
6768,171566885.178
6769,25472493.408
6770,20380989.422
6771,14453075.252
6772,8393389.374
6773,17464458.914
6774,197454120.712
6775,426517138.916
6776,3027740.066
6777,59490179.25
6778,100069299.02
6779,10174470.028
6780,65854518.928
6781,9269253.946
6782,72279684.782
6783,25659585.39
6784,9353378.124
6785,91995635.234
6786,8270904.216
6787,6832025.928
6788,3174399.642
6789,7084980.972
6790,7620821.762
6791,36682315.958
6792,432067812.22
6793,110491973.846
6794,40378831.442
6795,2889067.912
6796,551947702.88
6797,51558870.114
6798,60847160.036
6799,12417474.07
6800,132322240.16
6801,243237245.08
6802,57728331.096
6803,177522088.168
6804,28614242.158
6805,64693825.008
6806,12672875.58
6807,104755168.382
6808,3631392.694
6809,58086563.304
6810,5433940.99
6811,95200762.112
6812,21107728.264
6813,113537634.414
6814,4884336.934
6815,9494798.628
6816,14704566.398
6817,129514.302
6818,26775192.402
6819,63057725.332
6820,49917041.612
6821,23390591.398
6822,16900797.46
6823,18293455.222
6824,214629265.92
6825,52600500.628
6826,16817775.06
6827,4808713.126
6828,474195.002
6829,2214322.06
6830,17151347.64
6831,75252335.534
6832,50603394.634
6833,36874213.546
6834,14031673.838
6835,151457431.654
6836,4396708.428
6837,162690084.898
6838,9173858.356
6839,13680307.874
6840,33079933.324
6841,32306059.102
6842,24472049.762
6843,5438834.858
6844,253972592.028
6845,35353061.312
6846,88854497.276
6847,6885324.146
6848,30902608.98
6849,9070966.574
6850,102911340.746
6851,214815096.544
6852,7788020.246
6853,7935704.63
6854,83768878.99
6855,37455147.154
6856,897945.5
6857,41683648.166
6858,4034950.402
6859,84842638.346
6860,18490845.896
6861,42100985.792
6862,50033435.996
6863,423887681.386
6864,9042713.43
6865,5825742.212
6866,78823200.76
6867,49672406.196
6868,832444382.634
6869,43435847.474
6870,1839567.006
6871,84515973.298
6872,3249891.992
6873,34488456.432
6874,65359252.414
6875,10278515.292
6876,49007796.808
6877,29552834.782
6878,6763604.16
6879,25298967.19
6880,2542754.156
6881,7100051.496
6882,82472170.11
6883,98958726.844
6884,39233767.958
6885,17977470.608
6886,5068764.23
6887,27965614.894
6888,103031268.496
6889,4261492.642
6890,25285225.072
6891,120601876.602
6892,175399471.306
6893,197595428.912
6894,63267594.478
6895,6926677.296
6896,20847338.98
6897,157783.42
6898,19142159.012
6899,11721036.886
6900,111596784.472
6901,86701054.24
6902,14904648.998
6903,29215468.32
6904,210514464.838
6905,78618142.604
6906,149655279.62
6907,91785087.358
6908,8819846.222
6909,17090489.248
6910,9559790.654
6911,27133918.978
6912,24695883.144
6913,417506167.76
6914,403783936.14
6915,14513457.198
6916,17570164.57
6917,924071972.176
6918,79303178.456
6919,2390681.698
6920,94568831.824
6921,356896714.396
6922,38515217.79
6923,8923361.378
6924,3111058.482
6925,17464547.776
6926,10996995.796
6927,4206539.27
6928,45768849.502
6929,66447822.896
6930,140504768.71
6931,25159680.952
6932,5147461.252
6933,11329907.444
6934,109910511.552
6935,1386843.772
6936,26631628.466
6937,158427663.888
6938,3205068.308
6939,5450258.694
6940,183583934.336
6941,129876165.534
6942,12109557.36
6943,11579162.388
6944,159333328.376
6945,9751310.982
6946,133238022.49
6947,6075065.732
6948,25262278.18
6949,51175465.006
6950,341215241.654
6951,1593961.124
6952,14688153.364
6953,35064390.678
6954,51203125.858
6955,59207971.048
6956,16406694.734
6957,13299725.776
6958,2888084.478
6959,4862838.618
6960,43500876.772
6961,20177482.61
6962,155614930.036
6963,25723590.17
6964,118861376.664
6965,20712421.324
6966,148884687.948
6967,251490012.616
6968,4758186.856
6969,8135062.488
6970,12830641.5
6971,110281322.266
6972,3081380.27
6973,59340284.134
6974,90953359.974
6975,9022190.156
6976,32481437.762
6977,8614189.3
6978,5432147.934
6979,70528721.128
6980,23903069.69
6981,2197758.074
6982,25922116.022
6983,2009851.28
6984,88513921.962
6985,306625501.244
6986,26332368.93
6987,2163782.234
6988,31161207.422
6989,7536843.246
6990,296891239.52
6991,4764161.29
6992,13434500.634
6993,6466942.842
6994,1026260.29
6995,36952846.938
6996,100526115.466
6997,600268.314
6998,17121733.752
6999,120299869.062
7000,1701035.914
7001,5231257.452
7002,21571326.198
7003,15324384.076
7004,36410115.924
7005,3348869.468
7006,3685666.516
7007,58076934.966
7008,72058427.942
7009,13455666.108
7010,15415423.662
7011,3169942.454
7012,12259347.168
7013,6327070.218
7014,2214869.002
7015,184706308.84
7016,389402969.172
7017,24385640.614
7018,15301829.542
7019,97769009.25
7020,87852994.072
7021,63463104.954
7022,23591716.474
7023,57244465.578
7024,37575292.42
7025,6521235.1
7026,321433117.256
7027,77784058.234
7028,6096257.682
7029,94532482.626
7030,80808737.754
7031,135248176.95
7032,51356022.196
7033,3994767.618
7034,15643304.062
7035,20317634.54
7036,10761008.314
7037,23486528.144
7038,30361940.41
7039,50394972.802
7040,34749946.706
7041,90890419.162
7042,115381805.654
7043,14048686.466
7044,34670868.796
7045,25248453.744
7046,104637017.282
7047,158407962.858
7048,8455948.952
7049,84846221.602
7050,424558.178
7051,10141715.878
7052,143442832.548
7053,13637792.182
7054,77186156.816
7055,122958735.236
7056,345149588.918
7057,13548339.274
7058,3128568.718
7059,50133111.492
7060,14839634.41
7061,36340126.996
7062,107229595.386
7063,2951068.042
7064,172737929.428
7065,68479053.848
7066,2829940.702
7067,1321400.884
7068,56435653.148
7069,14093950.336
7070,105379906.556
7071,211138486.178
7072,1220687.258
7073,21111980.072
7074,7744047.758
7075,58190393.754
7076,75808799.824
7077,60712031.802
7078,81334483.332
7079,2081478.844
7080,7522948.616
7081,25677812.738
7082,8189750.384
7083,1853939.05
7084,35430919.656
7085,22729103.842
7086,2477218.364
7087,150372761.026
7088,78625270.76
7089,5261155.234
7090,8414295.134
7091,13389210.282
7092,246043148.178
7093,87066612.49
7094,69610190.528
7095,9523162.676
7096,50286081.174
7097,147286657.654
7098,54864135.65
7099,122508882.068
7100,21408888.012
7101,54315604.988
7102,1398036.246
7103,9526457.672
7104,16577876.628
7105,106365213.48
7106,40123060.638
7107,103623127.982
7108,8457353.448
7109,32624474.048
7110,5483257.798
7111,1684026.782
7112,179967661.244
7113,133610655.842
7114,22198210.55
7115,27088224.728
7116,6330653.704
7117,3857006.338
7118,33686133.738
7119,77670434.756
7120,1193180.066
7121,20305191.986
7122,2462697.832
7123,5233566.624
7124,612104748.02
7125,65318701.496
7126,234177109.47
7127,70852810.94
7128,30006238.086
7129,11429320.06
7130,13389430.538
7131,55429099.238
7132,78416608.574
7133,117372142.886
7134,48107507.548
7135,116927529.046
7136,41059563.672
7137,37751469.414
7138,16516830.108
7139,3107583.486
7140,108051394.684
7141,6612927.136
7142,43768642.938
7143,93535088.272
7144,4013624.588
7145,42162527.578
7146,6755324.06
7147,45226265.164
7148,87006051.336
7149,11387183.388
7150,6380857.356
7151,8627406.834
7152,126263419.648
7153,5666028.948
7154,102409031.578
7155,250439104.226
7156,22800387.014
7157,146494835.516
7158,7881189.82
7159,4879372.518
7160,6595005.388
7161,59028213.778
7162,341547947.828
7163,18832854.164
7164,3578020.442
7165,177358342.972
7166,46086953.512
7167,2360270.462
7168,4918180.88
7169,11809986.072
7170,8108712.32
7171,11857326.874
7172,11831362.672
7173,24240562.806
7174,6013764.874
7175,5659760.796
7176,26728665.142
7177,105882805.502
7178,55709808.212
7179,99892127.87
7180,668815.726
7181,3643189.364
7182,62001197.118
7183,1267018.59
7184,838811515.28
7185,24200026.95
7186,56050234.758
7187,141234554.966
7188,82787736.978
7189,67586617.362
7190,7022361.798
7191,125036.332
7192,26443715.376
7193,32964850.06
7194,269479533.238
7195,62736455.792
7196,24294851.014
7197,16652371.112
7198,8383822.958
7199,11521245.656
7200,106021204.054
7201,15133772.534
7202,25860477.692
7203,4412685.764
7204,107714353.622
7205,238561474.602
7206,122382570.68
7207,492744389.796
7208,85625989.184
7209,13643204.59
7210,2797985.014
7211,728637.522
7212,85380523.78
7213,18933881.764
7214,393365216.942
7215,96117458.412
7216,130463297.97
7217,7960533.67
7218,32379601.328
7219,15710048.656
7220,70089119.878
7221,42032542.906
7222,112688907.622
7223,3580147.896
7224,12377753.304
7225,1187609.192
7226,50428730.894
7227,111705272.162
7228,46496954.506
7229,32642005.438
7230,4376603.85
7231,38456638.938
7232,216757362.142
7233,158849487.816
7234,336513253.79
7235,26411242.33
7236,143493721.606
7237,26698585.56
7238,6402452.472
7239,719251543.636
7240,77347704.764
7241,204767873.832
7242,139783601.474
7243,22810627.652
7244,26586486.424
7245,2689101.768
7246,524886.482
7247,87624077.772
7248,108009820.004
7249,8893414.398
7250,6151770.004
7251,29550909.85
7252,21232183.514
7253,20764806.45
7254,123749063.45
7255,1830751.09
7256,15086541.442
7257,60377400.264
7258,27932057.272
7259,10280217.278
7260,1000995.594
7261,408219753.91
7262,170229.272
7263,76374691.342
7264,17694404.36
7265,14847409.536
7266,61057583.166
7267,7859570.194
7268,5162026.914
7269,146595413.078
7270,326352076.838
7271,5431014.158
7272,23367429.834
7273,12302887.13
7274,39683161.312
7275,41719851.886
7276,3016162.23
7277,107907952.936
7278,192687647.786
7279,228188078.156
7280,153323145.61
7281,56493669.51
7282,60857101.258
7283,174699225.19
7284,4396689.094
7285,61235402.998
7286,159420568.73
7287,14775103.95
7288,20901452.13
7289,114677758.684
7290,35601062.546
7291,16523571.13
7292,9921358.402
7293,34764778.224
7294,22617679.886
7295,85119007.474
7296,751215.168
7297,113941042.758
7298,10546459.626
7299,2950131.556
7300,15120048.094
7301,32243352.704
7302,5966928.662
7303,1144445.724
7304,26791749.196
7305,3482377.912
7306,457838832.026
7307,2175108.34
7308,2966607.87
7309,24153601.128
7310,11646222.962
7311,36916927.74
7312,125592221.236
7313,139836136.524
7314,13379802.032
7315,6241789.244
7316,28509437.64
7317,24127235.558
7318,104717847.938
7319,5424790.682
7320,344500488.392
7321,1020347.766
7322,14936936.386
7323,75654905.616
7324,23221020.704
7325,302632224.408
7326,400803915.274
7327,6180061.61
7328,122131706.56
7329,129100175.248
7330,235003322.372
7331,96744489.194
7332,67145016.598
7333,97825706.124
7334,6162284.398
7335,103303062.33
7336,37628145.588
7337,16147379.156
7338,71016893.874
7339,82208437.32
7340,12014983.988
7341,195192.294
7342,134970468.584
7343,11906606.782
7344,3249139.422
7345,19298379.276
7346,33584089.67
7347,17428120.742
7348,13458889.942
7349,52489076.994
7350,56954012.256
7351,75746288.148
7352,539092.86
7353,5933307.604
7354,981132.028
7355,51360306.674
7356,77379115.138
7357,7371380.352
7358,11370150.602
7359,96655340.618
7360,75297489.904
7361,1272501.648
7362,167755864.504
7363,729834121.708
7364,2050124.064
7365,65587466.724
7366,42561899.93
7367,11293131.506
7368,18237695.908
7369,78357190.35
7370,71767381.832
7371,5101981.044
7372,89091340.128
7373,318795520.426
7374,46085042.906
7375,78067580.456
7376,1378443.602
7377,18966596.262
7378,117673674.546
7379,134330233.184
7380,14520005.75
7381,9150896.374
7382,12496033.1
7383,3105466.538
7384,26482930.236
7385,49603310.002
7386,49366464.214
7387,8757979.66
7388,13829315.0
7389,2264511.636
7390,2492679.426
7391,8035458.468
7392,43279962.008
7393,717233750.422
7394,111021016.934
7395,29652874.056
7396,80714130.072
7397,63800381.962
7398,8096067.958
